{"z":[[308.25286865234375,1.0,0.0,19.379310607910156,2.7193784713745117,2.947983980178833,2.4629316329956055,0.112641841173172,2.727509021759033,0.9306958317756653,3.969348669052124,191.73179626464844,1.0001928806304932,0.9999868869781494,0.9986249208450317,29.072795867919922,3.819923162460327,30.0,4.0,0.36781609058380127,15.390804290771484,24.383140563964844,6.0,2.3256704807281494,2.6666665077209473,2.8199234008789062,0.18390804529190063,1.092710018157959,1.088879942893982,1.1487958431243896,1.2369190454483032,1.312171220779419,1.276315689086914,1.1882013082504272,1.0004667043685913,1.2749415636062622,1.1255112886428833,1.1432942152023315,1.3003965616226196,1.1496061086654663,1.0346777439117432,1.1022762060165405,1.193107008934021,1.1831661462783813,1.165411114692688,1.1993510723114014,1.129970669746399,1.2148116827011108,1.1128596067428589,1.2882778644561768,1.1460002660751343,1.3935736417770386,1.1826527118682861,1.1725218296051025,1.1348035335540771,1.1124650239944458,1.152848243713379,1.1383652687072754,1.1274842023849487,1.097717523574829,1.1205896139144897,1.106088399887085,1.1255112886428833,1.0846003293991089,2.107421875,5.75390625,1.3818359375,3.076171875,2.279296875,6.0703125,1.416015625,3.09375,2.423828125,5.90234375,1.44921875,3.224609375,1.1125057935714722,1.6611289978027344,1.1497657299041748,1.586693286895752,1.2197808027267456,1.5444971323013306]],"beta":[0.009999999453579354],"gamma":0.1,"num_points":4702895,"type":"RKMETableSpecification"}