{"z":[[1225.7464599609273,2.9929575920106193,1.0,1.0,0.0,829.6232299805441,4.066901206971552,4.8591547012353455,2012.98583984375,1.3169013261567366,0.21126760542027473,0.007042253389832813,0.007042253389832813,0.33802816271978015,0.3556337952661111,0.3591549098526586,4.896224021872191,0.4279670119237983,0.5117652416179588,0.4616129696336522,0.4694322347590265,0.4703311622108897,0.505534231657201,19.20070457458737,1.9647886753088364,15.45422554008385,0.33802816271978015]],"beta":[0.009999949313685483],"gamma":0.1,"num_points":4275776,"type":"RKMETableSpecification"}